id	hex	bits	instructions	final_screen_hex	lit_pixels	final_head	visited_pixels	pixel_changes	cycle_start	cycle_period	same_final_program_hex	symmetries	screen_rows
0	00	00000000	F4 F4 F4 F4	1000000000000000	1	60	16	127	0	32	00 04 10 14 40 44 50 54		......../......../......../......../......../......../......../....#...
1	01	00000001	F4 F4 F4 F8	0100000000000000	1	56	16	127	0	64	01 05 11 15 41 45 51 55	anti-diagonal	......../......../......../......../......../......../......../#.......
2	02	00000010	F4 F4 F4 S3	9b3b36766ecedd9d	40	29	44	104	256	256	02		#.###..#/#.###.##/.###..##/.###.##./.##.###./.##.##../##.###../##.##..#
3	03	00000011	F4 F4 F4 C3	0808101022020404	9	29	44	119	48	256	03		..#...../..#...../.#....../.#...#../....#.../....#.../...#..../...#....
4	04	00000100	F4 F4 F8 F4	1000000000000000	1	60	16	127	0	64	00 04 10 14 40 44 50 54		......../......../......../......../......../......../......../....#...
5	05	00000101	F4 F4 F8 F8	0100000000000000	1	56	16	127	0	64	01 05 11 15 41 45 51 55	anti-diagonal	......../......../......../......../......../......../......../#.......
6	06	00000110	F4 F4 F8 S3	91eb923d72658e4c	32	29	64	112	256	256	06		..##..#./.###...#/#.#..##./.#..###./#.####../.#..#..#/##.#.###/#...#..#
7	07	00000111	F4 F4 F8 C3	db3f3b67e74ed8e9	41	29	64	111	240	256	07		#..#.###/...##.##/.###..#./###..###/###..##./##.###../######../##.##.##
8	08	00001000	F4 F4 S3 F4	d9b3b36766ecedd9	40	28	44	104	255	256	08		#..##.##/#.##.###/..##.###/.##..##./###..##./##..##.#/##..##.#/#..##.##
9	09	00001001	F4 F4 S3 F8	b3ef967df2ed9e7d	44	24	64	124	255	256	09		#.#####./.####..#/#.##.###/.#..####/#.#####./.##.#..#/####.###/##..##.#
10	0A	00001010	F4 F4 S3 S3	9ebefafbebefafbe	49	61	63	113	128	128	0A		.#####.#/####.#.#/####.###/##.#.###/##.#####/.#.#####/.#####.#/.####..#
11	0B	00001011	F4 F4 S3 C3	1414505141450514	18	61	63	82	127	128	0B		..#.#.../#.#...../#.#...#./#.....#./#...#.#./....#.#./..#.#.../..#.#...
12	0C	00001100	F4 F4 C3 F4	4080810100202040	8	28	44	118	51	256	0C		......#./.....#../.....#../......../#......./#......#/.......#/......#.
13	0D	00001101	F4 F4 C3 F8	16a542d4a858b52b	28	24	64	98	159	256	0D		##.#.#../#.#.##.#/...##.#./...#.#.#/..#.#.##/.#....#./#.#..#.#/.##.#...
14	0E	00001110	F4 F4 C3 S3	cbebafaebebafaeb	45	61	63	109	128	128	0E		##.#.###/.#.#####/.#.###.#/.#####.#/.###.#.#/####.#.#/##.#.###/##.#..##
15	0F	00001111	F4 F4 C3 C3	4141050414105041	14	61	63	78	71	128	0F		#.....#./....#.#./....#.../..#.#.../..#...../#.#...../#.....#./#.....#.
16	10	00010000	F4 F8 F4 F4	1000000000000000	1	60	16	127	0	64	00 04 10 14 40 44 50 54		......../......../......../......../......../......../......../....#...
17	11	00010001	F4 F8 F4 F8	0100000000000000	1	56	16	127	0	32	01 05 11 15 41 45 51 55	anti-diagonal	......../......../......../......../......../......../......../#.......
18	12	00010010	F4 F8 F4 S3	2088041102800450	11	29	56	123	256	256	12		....#.#./..#...../.......#/.#....../#...#.../..#...../...#...#/.....#..
19	13	00010011	F4 F8 F4 C3	6a5cad4b97ab52f5	36	29	56	100	240	256	13		#.#.####/.#..#.#./##.#.#.#/###.#..#/##.#..#./#.##.#.#/..###.#./.#.#.##.
20	14	00010100	F4 F8 F8 F4	1000000000000000	1	60	16	127	0	64	00 04 10 14 40 44 50 54		......../......../......../......../......../......../......../....#...
21	15	00010101	F4 F8 F8 F8	0100000000000000	1	56	16	127	0	64	01 05 11 15 41 45 51 55	anti-diagonal	......../......../......../......../......../......../......../#.......
22	16	00010110	F4 F8 F8 S3	31cad4639588e56b	31	29	60	119	256	256	16		##.#.##./#.#..###/...#...#/#.#.#..#/##...##./..#.#.##/.#.#..##/#...##..
23	17	00010111	F4 F8 F8 C3	a56f794aded2b7bd	40	29	60	104	208	256	17		#.####.#/###.##.#/.#..#.##/.####.##/.#.#..#./#..####./####.##./#.#..#.#
24	18	00011000	F4 F8 S3 F4	c91eb923d72658e4	32	28	64	112	255	256	18		..#..###/...##.#./.##..#../###.#.##/##...#../#..###.#/.####.../#..#..##
25	19	00011001	F4 F8 S3 F8	c75ef18ebde33f79	41	24	60	103	255	256	19		#..####./######../##...###/#.####.#/.###...#/#...####/.####.#./###...##
26	1A	00011010	F4 F8 S3 S3	8fabebeafafabebe	45	61	63	109	128	128	1A		.#####.#/.#####.#/.#.#####/.#.#####/.#.#.###/##.#.###/##.#.#.#/####...#
27	1B	00011011	F4 F8 S3 C3	0501414050501414	14	61	63	78	127	128	1B		..#.#.../..#.#.../....#.#./....#.#./......#./#.....#./#......./#.#.....
28	1C	00011100	F4 F8 C3 F4	9db3f3b67c74ed8e	40	28	64	110	239	256	1C		.###...#/#.##.###/..#.###./..#####./.##.##.#/##..####/##..##.#/#.###..#
29	1D	00011101	F4 F8 C3 F8	11ca54239488652b	25	24	60	119	211	256	1D		##.#.#../#.#..##./...#...#/..#.#..#/##...#../..#.#.#./.#.#..##/#...#...
30	1E	00011110	F4 F8 C3 S3	dafebebfafafebeb	49	61	63	113	128	128	1E		##.#.###/##.#.###/####.#.#/####.#.#/######.#/.#####.#/.#######/.#.##.##
31	1F	00011111	F4 F8 C3 C3	5054141505054141	18	61	63	82	111	128	1F		#.....#./#.....#./#.#...../#.#...../#.#.#.../..#.#.../..#.#.#./....#.#.
32	20	00100000	F4 S3 F4 F4	9d9b3b36776ecedd	41	28	45	103	254	256	20		#.###.##/.###..##/.###.##./###.###./.##.##../##.###../##.##..#/#.###..#
33	21	00100001	F4 S3 F4 F8	4402088041022800	10	24	55	124	254	256	21		......../...#.#../.#....../#.....#./.......#/...#..../.#....../..#...#.
34	22	00100010	F4 S3 F4 S3	e1c3870e1c3870e1	28	61	64	100	128	128	22	main-diagonal	#....###/....###./...###../..###.../.###..../###....#/##....##/#....###
35	23	00100011	F4 S3 F4 C3	6b692da4b692da4b	33	61	64	95	126	128	23		##.#..#./.#.##.##/.#..#..#/.##.##.#/..#..#.#/#.##.#../#..#.##./##.#.##.
36	24	00100100	F4 S3 F8 F4	cb3ef967df3ed9e7	44	28	64	124	254	256	24		###..###/#..##.##/.#####../#####.##/###..##./#..#####/.#####../##.#..##
37	25	00100101	F4 S3 F8 F8	d5ea75abd4ea75ab	39	24	60	127	254	256	25		##.#.#.#/#.#.###./.#.#.###/..#.#.##/##.#.#.#/#.#.###./.#.#.###/#.#.#.##
38	26	00100110	F4 S3 F8 S3	70541c15070541c1	22	61	64	106	128	128	26		#.....##/#.....#./#.#...../###...../#.#.#.../..###.../..#.#.#./....###.
39	27	00100111	F4 S3 F8 C3	fafeb6bfadafeb6b	47	61	64	81	126	128	27		##.#.##./##.#.###/####.#.#/#.##.#.#/######.#/.##.##.#/.#######/.#.#####
40	28	00101000	F4 S3 S3 F4	ebebefafbebefafb	50	60	64	114	127	128	28		##.#####/.#.#####/.#####.#/.#####.#/####.#.#/####.###/##.#.###/##.#.###
41	29	00101001	F4 S3 S3 F8	feffbfffeffffbff	60	56	64	124	127	128	29	anti-diagonal	########/##.#####/########/####.###/########/######.#/########/.#######
42	2A	00101010	F4 S3 S3 S3	fcffe7ff3ff1ff8f	52	29	64	76	136	256	2A		####...#/########/#...####/######../########/###..###/########/..######
43	2B	00101011	F4 S3 S3 C3	fc8fe47f27f03f81	38	29	64	96	136	256	2B		#......#/######../....####/###..#../#######./..#..###/####...#/..######
44	2C	00101100	F4 S3 C3 F4	4141450514145051	18	60	64	82	126	128	2C		#...#.#./....#.#./..#.#.../..#.#.../#.#...../#.#...#./#.....#./#.....#.
45	2D	00101101	F4 S3 C3 F8	5455155545555155	28	56	64	92	126	128	2D		#.#.#.#./#...#.#./#.#.#.#./#.#...#./#.#.#.#./#.#.#.../#.#.#.#./..#.#.#.
46	2E	00101110	F4 S3 C3 S3	3cf1e78f38f1c78e	37	29	64	95	136	256	2E		.###...#/###...##/#...####/...###../####...#/###..###/#...####/..####..
47	2F	00101111	F4 S3 C3 C3	3c81e40f20f00780	23	29	64	81	136	256	2F		.......#/###...../....####/.....#../####..../..#..###/#......#/..####..
48	30	00110000	F4 C3 F4 F4	0408081011020204	9	28	45	119	50	256	30		..#...../.#....../.#....../#...#.../....#.../...#..../...#..../..#.....
49	31	00110001	F4 C3 F4 F8	2e56a5cad4a97ab5	34	24	55	98	242	256	31		#.#.##.#/.#.####./#..#.#.#/..#.#.##/.#.#..##/#.#..#.#/.##.#.#./.###.#..
50	32	00110010	F4 C3 F4 S3	b496d25b496d25b4	32	61	64	96	128	128	32		..#.##.#/#.#..#../#.##.##./#..#..#./##.##.#./.#..#.##/.##.#..#/..#.##.#
51	33	00110011	F4 C3 F4 C3	3e3c78f1e3c78f1e	37	61	64	91	72	128	33		.####.../####...#/###...##/##...###/#...####/...####./..####../.#####..
52	34	00110100	F4 C3 F8 F4	a16a542d4a958b52	28	28	64	98	162	256	34		.#..#.#./##.#...#/#.#.#..#/.#.#..#./#.##.#../..#.#.#./.#.#.##./#....#.#
53	35	00110101	F4 C3 F8 F8	873ce10e79c31ef1	33	24	60	95	210	256	35		#...####/.####.../##....##/#..####./.###..../#....###/..####../###....#
54	36	00110110	F4 C3 F8 S3	2501494052501494	18	61	64	110	128	128	36		..#.#..#/..#.#.../....#.#./.#..#.#./......#./#..#..#./#......./#.#..#..
55	37	00110111	F4 C3 F8 C3	afabe3eaf8fabe3e	43	61	64	85	112	128	37		.#####../.#####.#/.#.#####/...#####/.#.#.###/##...###/##.#.#.#/####.#.#
56	38	00111000	F4 C3 S3 F4	bebebafaebebafae	46	60	64	108	127	128	38		.###.#.#/####.#.#/##.#.###/##.#.###/.#.#####/.#.###.#/.#####.#/.#####.#
57	39	00111001	F4 C3 S3 F8	abaaeaaabaaaaeaa	36	56	64	98	127	128	39		.#.#.#.#/.###.#.#/.#.#.#.#/.#.###.#/.#.#.#.#/.#.#.###/.#.#.#.#/##.#.#.#
58	3A	00111010	F4 C3 S3 S3	c3fe1ff0ff0ff87f	44	29	64	78	59	256	3A		#######./...#####/####..../########/....####/#####.../.#######/##....##
59	3B	00111011	F4 C3 S3 C3	c38e1c70e70e3871	30	29	64	98	58	256	3B		#...###./...###../.###..../###..###/....###./..###.../.###...#/##....##
60	3C	00111100	F4 C3 C3 F4	1414105041410504	14	60	64	76	70	128	3C		..#...../#.#...../#.....#./#.....#./....#.#./....#.../..#.#.../..#.#...
61	3D	00111101	F4 C3 C3 F8	0100400010000400	4	56	64	66	54	128	3D	anti-diagonal	......../..#...../......../....#.../......../......#./......../#.......
62	3E	00111110	F4 C3 C3 S3	03f01f80f80fc07e	29	29	64	63	59	256	3E		.######./......##/####..../...#####/.......#/#####.../....####/##......
63	3F	00111111	F4 C3 C3 C3	03801c00e00e0070	15	29	64	49	56	256	3F		....###./......../.###..../.....###/......../..###.../.......#/##......
64	40	01000000	F8 F4 F4 F4	1000000000000000	1	60	16	127	0	64	00 04 10 14 40 44 50 54		......../......../......../......../......../......../......../....#...
65	41	01000001	F8 F4 F4 F8	0100000000000000	1	56	16	127	0	64	01 05 11 15 41 45 51 55	anti-diagonal	......../......../......../......../......../......../......../#.......
66	42	01000010	F8 F4 F4 S3	ef967df2cd9e7db3	43	29	64	123	256	256	42		##..##.#/#.#####./.####..#/#.##..##/.#..####/#.#####./.##.#..#/####.###
67	43	01000011	F8 F4 F4 C3	a542d4a858b52b16	28	29	64	100	160	256	43		.##.#.../##.#.#../#.#.##.#/...##.#./...#.#.#/..#.#.##/.#....#./#.#..#.#
68	44	01000100	F8 F4 F8 F4	1000000000000000	1	60	16	127	0	32	00 04 10 14 40 44 50 54		......../......../......../......../......../......../......../....#...
69	45	01000101	F8 F4 F8 F8	0100000000000000	1	56	16	127	0	64	01 05 11 15 41 45 51 55	anti-diagonal	......../......../......../......../......../......../......../#.......
70	46	01000110	F8 F4 F8 S3	5ef18ebde33f79c6	40	29	60	104	256	256	46		.##...##/#..####./######../##...###/#.####.#/.###...#/#...####/.####.#.
71	47	01000111	F8 F4 F8 C3	ca542394a8652b10	25	29	60	119	208	256	47		....#.../##.#.#../#.#..##./...#.#.#/..#.#..#/##...#../..#.#.#./.#.#..##
72	48	01001000	F8 F4 S3 F4	0208804112280045	12	28	56	124	255	256	48		#.#...#./......../...#.#../.#..#.../#.....#./.......#/...#..../.#......
73	49	01001001	F8 F4 S3 F8	ea75abd4eb75abd4	39	24	60	127	255	256	49		..#.#.##/##.#.#.#/#.#.###./##.#.###/..#.#.##/##.#.#.#/#.#.###./.#.#.###
74	4A	01001010	F8 F4 S3 S3	dfbfffeffffbfffe	59	61	63	123	128	128	4A		.#######/########/##.#####/########/####.###/########/######.#/#####.##
75	4B	01001011	F8 F4 S3 C3	5515554555515554	28	61	63	92	127	128	4B		..#.#.#./#.#.#.#./#...#.#./#.#.#.#./#.#...#./#.#.#.#./#.#.#.../#.#.#.#.
76	4C	01001100	F8 F4 C3 F4	56a5cad4b97ab52f	36	28	56	98	239	256	4C		####.#../#.#.##.#/.#.####./#..###.#/..#.#.##/.#.#..##/#.#..#.#/.##.#.#.
77	4D	01001101	F8 F4 C3 F8	3ce10e79c21ef186	31	24	60	95	211	256	4D		.##....#/#...####/.####.../.#....##/#..####./.###..../#....###/..####..
78	4E	01001110	F8 F4 C3 S3	8aeaaabaaaaeaaab	35	61	63	99	128	128	4E		##.#.#.#/.#.#.#.#/.###.#.#/.#.#.#.#/.#.###.#/.#.#.#.#/.#.#.###/.#.#...#
79	4F	01001111	F8 F4 C3 C3	0040001000040001	4	61	63	68	55	128	4F	main-diagonal	#......./......../..#...../......../....#.../......../......#./........
80	50	01010000	F8 F8 F4 F4	1000000000000000	1	60	16	127	0	64	00 04 10 14 40 44 50 54		......../......../......../......../......../......../......../....#...
81	51	01010001	F8 F8 F4 F8	0100000000000000	1	56	16	127	0	64	01 05 11 15 41 45 51 55	anti-diagonal	......../......../......../......../......../......../......../#.......
82	52	01010010	F8 F8 F4 S3	75abd4eb55abd4eb	39	29	59	127	256	256	52		##.#.###/..#.#.##/##.#.#.#/#.#.#.#./##.#.###/..#.#.##/##.#.#.#/#.#.###.
83	53	01010011	F8 F8 F4 C3	e10e79c21ef1863d	32	29	59	96	208	256	53		#.####../.##....#/#...####/.####.../.#....##/#..####./.###..../#....###
84	54	01010100	F8 F8 F8 F4	1000000000000000	1	60	16	127	0	64	00 04 10 14 40 44 50 54		......../......../......../......../......../......../......../....#...
85	55	01010101	F8 F8 F8 F8	0100000000000000	1	56	8	127	0	16	01 05 11 15 41 45 51 55	anti-diagonal	......../......../......../......../......../......../......../#.......
86	56	01010110	F8 F8 F8 S3	8f2ac3b1e578561c	32	29	64	112	256	256	56		..###.../.##.#.#./...####./#.#..###/#...##.#/##....##/.#.#.#../####...#
87	57	01010111	F8 F8 F8 C3	c3b1e578761c8f2a	33	29	64	111	224	256	57		.#.#.#../####...#/..###.../.##.###./...####./#.#..###/#...##.#/##....##
88	58	01011000	F8 F8 S3 F4	a31cad463b588e56	31	28	59	119	255	256	58		.##.#.#./.###...#/...##.#./##.###../.##...#./#.##.#.#/..###.../##...#.#
89	59	01011001	F8 F8 S3 F8	1d8f2ac3b1e57856	33	24	64	111	255	256	59		.##.#.#./...####./#.#..###/#...##.#/##....##/.#.#.#../####...#/#.###...
90	5A	01011010	F8 F8 S3 S3	dffaafffeabfffaa	51	61	63	115	128	128	5A		.#.#.#.#/########/######.#/.#.#.###/########/####.#.#/.#.#####/#####.##
91	5B	01011011	F8 F8 S3 C3	5550055540155500	20	61	63	84	127	128	5B		......../#.#.#.#./#.#.#.../......#./#.#.#.#./#.#...../....#.#./#.#.#.#.
92	5C	01011100	F8 F8 C3 F4	ca56f794aded2b7b	39	28	59	103	211	256	5C		##.####./##.#.#../#.##.###/#.##.#.#/..#.#..#/###.####/.##.#.#./.#.#..##
93	5D	01011101	F8 F8 C3 F8	2bc3b1e578561c8f	33	24	64	111	227	256	5D		####...#/..###.../.##.#.#./...####./#.#..###/#...##.#/##....##/##.#.#..
94	5E	01011110	F8 F8 C3 S3	8aaffaaabfeaaaff	43	61	63	107	128	128	5E		########/.#.#.#.#/.#.#.###/######.#/.#.#.#.#/.#.#####/####.#.#/.#.#...#
95	5F	01011111	F8 F8 C3 C3	0005500015400055	12	61	63	76	79	128	5F		#.#.#.#./......../......#./#.#.#.../......../....#.#./#.#...../........
96	60	01100000	F8 S3 F4 F4	5c91eb923c72658e	32	28	64	112	254	256	60		.###...#/#.#..##./.#..###./..####../.#..#..#/##.#.###/#...#..#/..###.#.
97	61	01100001	F8 S3 F4 F8	56a31cad462b588e	30	24	59	118	254	256	61		.###...#/...##.#./##.#.#../.##...#./#.##.#.#/..###.../##...#.#/.##.#.#.
98	62	01100010	F8 S3 F4 S3	a0e0a8382a0e0a83	22	61	64	106	128	128	62		##.....#/.#.#..../.###..../.#.#.#../...###../...#.#.#/.....###/.....#.#
99	63	01100011	F8 S3 F4 C3	2a4a029280a4a029	19	61	64	109	126	128	63		#..#.#../.....#.#/..#..#.#/.......#/.#..#..#/.#....../.#.#..#./.#.#.#..
100	64	01100100	F8 S3 F8 F4	8c75ef18ebce33f7	39	28	59	103	254	256	64		###.####/##..##../.###..##/##.#.###/...##.../####.###/#.#.###./..##...#
101	65	01100101	F8 S3 F8 F8	561d8f2ac3b0e578	32	24	64	112	254	256	65		...####./#.#..###/....##.#/##....##/.#.#.#../####...#/#.###.../.##.#.#.
102	66	01100110	F8 S3 F8 S3	2a8550aa1542a855	24	61	64	104	128	128	66		#.#.#.#./...#.#.#/.#....#./#.#.#.../.#.#.#.#/....#.#./#.#....#/.#.#.#..
103	67	01100111	F8 S3 F8 C3	a02ffa00bfe802ff	33	61	64	95	126	128	67		########/.#....../...#.###/######.#/......../.#.#####/####.#../.....#.#
104	68	01101000	F8 S3 S3 F4	eafabebeafafabeb	46	60	64	110	127	128	68		##.#.###/##.#.#.#/####.#.#/####.#.#/.#####.#/.#####.#/.#.#####/.#.#.###
105	69	01101001	F8 S3 S3 F8	aafffaafffeabfff	52	56	64	116	127	128	69		########/######.#/.#.#.###/########/####.#.#/.#.#####/########/.#.#.#.#
106	6A	01101010	F8 S3 S3 S3	3bbb9dddceee7777	45	29	64	93	104	256	6A		###.###./###.###./.###.###/.###..##/#.###.##/#.###..#/##.###.#/##.###..
107	6B	01101011	F8 S3 S3 C3	233311998ccc4666	27	29	64	91	104	256	6B		.##..##./.##...#./..##..##/..##...#/#..##..#/#...#.../##..##../##...#..
108	6C	01101100	F8 S3 C3 F4	4050141405050141	14	60	64	78	126	128	6C		#.....#./#......./#.#...../#.#...../..#.#.../..#.#.../....#.#./......#.
109	6D	01101101	F8 S3 C3 F8	0055500555401555	20	56	64	84	126	128	6D		#.#.#.#./#.#.#.../......#./#.#.#.#./#.#...../....#.#./#.#.#.#./........
110	6E	01101110	F8 S3 C3 S3	18aa8c5542aa3155	26	29	64	100	104	256	6E		#.#.#.#./#...##../.#.#.#.#/.#....#./#.#.#.#./..##...#/.#.#.#.#/...##...
111	6F	01101111	F8 S3 C3 C3	0022001100880044	8	29	64	72	104	256	6F		..#...#./......../...#...#/......../#...#.../......../.#...#../........
112	70	01110000	F8 C3 F4 F4	f9db3f3b66c74ed8	40	28	64	110	242	256	70		...##.##/.###..#./###...##/.##..##./##.###../######../##.##.##/#..#####
113	71	01110001	F8 C3 F4 F8	7bca56f794bded2b	40	24	59	104	210	256	71		##.#.#../#.##.###/#.####.#/..#.#..#/###.####/.##.#.#./.#.#..##/##.####.
114	72	01110010	F8 C3 F4 S3	f5b5fd6d7f5b5fd6	46	61	64	82	128	128	72		.##.#.##/#####.#./##.##.#./#######./#.##.##./#.######/#.#.##.#/#.#.####
115	73	01110011	F8 C3 F4 C3	7f1f57c7d5f1f57c	43	61	64	85	110	128	73		..#####./#.#.####/#...####/#.#.#.##/###...##/###.#.#./#####.../#######.
116	74	01110100	F8 C3 F8 F4	a11ca54239588652	25	28	59	119	210	256	74		.#..#.#./.##....#/...##.#./#..###../.#....#./#.#..#.#/..###.../#....#.#
117	75	01110101	F8 C3 F8 F8	8f2bc3b1e579561c	34	24	64	110	226	256	75		..###.../.##.#.#./#..####./#.#..###/#...##.#/##....##/##.#.#../####...#
118	76	01110110	F8 C3 F8 S3	7fd005ff4017fd00	32	61	64	96	128	128	76		......../#.######/###.#.../......#./########/#.#...../....#.##/#######.
119	77	01110111	F8 C3 F8 C3	f57aaf55eabd57aa	41	61	64	87	80	128	77		.#.#.#.#/###.#.#./#.####.#/.#.#.###/#.#.#.#./####.#.#/.#.####./#.#.####
120	78	01111000	F8 C3 S3 F4	bfafebebfafafebe	50	60	64	112	127	128	78		.#####.#/.#######/.#.#####/.#.#####/##.#.###/##.#.###/####.#.#/######.#
121	79	01111001	F8 C3 S3 F8	ffaaaffaaabfeaaa	44	56	64	106	127	128	79		.#.#.#.#/.#.#.###/######.#/.#.#.#.#/.#.#####/####.#.#/.#.#.#.#/########
122	7A	01111010	F8 C3 S3 S3	ffddffeeff77ffbb	56	29	64	82	75	256	7A		##.###.#/########/###.###./########/.###.###/########/#.###.##/########
123	7B	01111011	F8 C3 S3 C3	e75573aabd55ceaa	38	29	64	90	74	256	7B		.#.#.#.#/.###..##/#.#.#.#./#.####.#/.#.#.#.#/##..###./#.#.#.#./###..###
124	7C	01111100	F8 C3 C3 F4	1505414150505414	18	60	64	80	110	128	7C		..#.#.../..#.#.#./....#.#./....#.#./#.....#./#.....#./#.#...../#.#.#...
125	7D	01111101	F8 C3 C3 F8	5500055000154000	12	56	64	74	78	128	7D		......../......#./#.#.#.../......../....#.#./#.#...../......../#.#.#.#.
126	7E	01111110	F8 C3 C3 S3	dcccee667333b999	37	29	64	63	75	256	7E		#..##..#/#..###.#/##..##../##..###./.##..##./.###.###/..##..##/..###.##
127	7F	01111111	F8 C3 C3 C3	c444622231118888	19	29	64	45	72	256	7F		...#...#/...#...#/#...#.../#...##../.#...#../.#...##./..#...#./..#...##
128	80	10000000	S3 F4 F4 F4	d9d9b3b36676eced	40	28	45	104	253	256	80		#.##.###/..##.###/.##.###./.##..##./##..##.#/##..##.#/#..##.##/#..##.##
129	81	10000001	S3 F4 F4 F8	8f5c91eb922c7265	32	24	64	112	253	256	81		#.#..##./.#..###./..##.#../.#..#..#/##.#.###/#...#..#/..###.#./####...#
130	82	10000010	S3 F4 F4 S3	d5f7d7df5f7d7df5	49	61	64	113	128	128	82		#.#.####/#.#####./#.#####./#####.#./#####.##/###.#.##/###.####/#.#.#.##
131	83	10000011	S3 F4 F4 C3	5f5d7d75f5d7d75f	46	61	64	110	125	128	83		#####.#./###.#.##/###.#.##/#.#.####/#.#.###./#.#####./#.###.#./#####.#.
132	84	10000100	S3 F4 F8 F4	0440208804002280	9	28	55	123	253	256	84		.......#/.#...#../......../..#...../...#...#/.....#../......#./..#.....
133	85	10000101	S3 F4 F8 F8	8e56a31cad472b58	31	24	60	119	253	256	85		...##.#./##.#.#../###...#./#.##.#.#/..###.../##...#.#/.##.#.#./.###...#
134	86	10000110	S3 F4 F8 S3	5d5f5f57d7d5f5f5	45	61	64	109	128	128	86		#.#.####/#.#.####/#.#.#.##/###.#.##/###.#.#./#####.#./#####.#./#.###.#.
135	87	10000111	S3 F4 F8 C3	d7f5f5fd7d7f5f5f	50	61	64	114	125	128	87		#####.#./#####.#./#######./#.#####./#.######/#.#.####/#.#.####/###.#.##
136	88	10001000	S3 F4 S3 F4	1e1c3870e1c3870e	28	60	64	100	127	128	88		.###..../###....#/##....##/#....###/....###./...###../..###.../.####...
137	89	10001001	S3 F4 S3 F8	83a0e0a8382a0e0a	22	56	64	106	127	128	89		.#.#..../.###..../.#.#.#../...###../...#.#.#/.....###/.....#.#/##.....#
138	8A	10001010	S3 F4 S3 S3	e7ff3ff9ff8ffc7f	52	29	64	76	137	256	8A		#######./..######/####...#/########/#..#####/######../########/###..###
139	8B	10001011	S3 F4 S3 C3	e78f3c79e78e3c71	38	29	64	96	137	256	8B		#...###./..####../.###...#/###..###/#..####./..####../####...#/###..###
140	8C	10001100	S3 F4 C3 F4	b4b692da4b692da4	32	60	64	96	125	128	8C		..#..#.#/#.##.#../#..#.##./##.#..#./.#.##.##/.#..#..#/.##.##.#/..#.##.#
141	8D	10001101	S3 F4 C3 F8	290a4a029280a4a0	18	56	64	110	125	128	8D		.....#.#/..#..#.#/.......#/.#..#..#/.#....../.#.#..#./.#.#..../#..#.#..
142	8E	10001110	S3 F4 C3 S3	1ff0ff87f87fc3fe	44	29	64	78	59	256	8E		.#######/##....##/#######./...#####/###....#/########/....####/#####...
143	8F	10001111	S3 F4 C3 C3	1f80fc07e07e03f0	30	29	64	64	57	256	8F		....####/##....../.######./.....###/###...../..######/.......#/#####...
144	90	10010000	S3 F8 F4 F4	7cb3ef967cf3ed9e	43	28	64	123	253	256	90		.####..#/#.##.###/##..####/..#####./.##.#..#/####.###/##..##.#/..#####.
145	91	10010001	S3 F8 F4 F8	f78c75ef18fbce33	40	24	59	104	253	256	91		##..##../.###..##/##.#####/...##.../####.###/#.#.###./..##...#/###.####
146	92	10010010	S3 F8 F4 S3	ddffff7fffdffff7	59	61	64	123	128	128	92		###.####/########/#####.##/########/#######./########/########/#.###.##
147	93	10010011	S3 F8 F4 C3	575555d55575555d	36	61	64	100	125	128	93		#.###.#./#.#.#.#./#.#.###./#.#.#.#./#.#.#.##/#.#.#.#./#.#.#.#./###.#.#.
148	94	10010100	S3 F8 F8 F4	ad5ea75abd5ea75a	39	28	59	127	253	256	94		.#.##.#./###..#.#/.####.#./#.####.#/.#.##.#./###..#.#/.####.#./#.##.#.#
149	95	10010101	S3 F8 F8 F8	79561d8f2ac2b0e5	32	24	64	112	253	256	95		#.#..###/....##.#/.#....##/.#.#.#../####...#/#.###.../.##.#.#./#..####.
150	96	10010110	S3 F8 F8 S3	dfd57fff55fffd57	51	61	64	115	128	128	96		###.#.#./#.######/########/#.#.#.#./########/#######./#.#.#.##/#####.##
151	97	10010111	S3 F8 F8 C3	557fd555ff5557fd	44	61	64	108	125	128	97		#.######/###.#.#./#.#.#.#./########/#.#.#.#./#.#.#.##/#######./#.#.#.#.
152	98	10011000	S3 F8 S3 F4	170541c15070541c	22	60	64	106	127	128	98		..###.../..#.#.#./....###./....#.#./#.....##/#.....#./#.#...../###.#...
153	99	10011001	S3 F8 S3 F8	552a8550aa1542a8	24	56	64	104	127	128	99		...#.#.#/.#....#./#.#.#.../.#.#.#.#/....#.#./#.#....#/.#.#.#../#.#.#.#.
154	9A	10011010	S3 F8 S3 S3	dddceeee7773bbb9	45	29	64	93	105	256	9A		#..###.#/##.###.#/##..###./###.###./.###.###/.###.###/..###.##/#.###.##
155	9B	10011011	S3 F8 S3 C3	c55462aa35518aa8	27	29	64	101	105	256	9B		...#.#.#/.#.#...#/#...#.#./#.#.##../.#.#.#.#/.#...##./..#.#.#./#.#...##
156	9C	10011100	S3 F8 C3 F4	bdafeb6bfadafeb6	46	60	64	82	125	128	9C		.##.##.#/.#######/.#.##.##/.#.#####/##.#.##./##.#.###/####.#.#/#.####.#
157	9D	10011101	S3 F8 C3 F8	ff802ffa00bfe802	32	56	64	96	125	128	9D		.#....../...#.###/######.#/......../.#.#####/####.#../.......#/########
158	9E	10011110	S3 F8 C3 S3	feefff77fbbffddf	56	29	64	82	75	256	9E		#####.##/#.######/######.#/##.#####/###.###./########/####.###/.#######
159	9F	10011111	S3 F8 C3 C3	e6677333b99dccce	38	29	64	64	73	256	9F		.###..##/..##..##/#.###..#/#..###.#/##..##../##..###./###..##./.##..###
160	A0	10100000	S3 S3 F4 F4	bfbebefafbebefaf	51	60	64	113	126	128	A0		####.#.#/####.###/##.#.###/##.#####/.#.#####/.#####.#/.#####.#/######.#
161	A1	10100001	S3 S3 F4 F8	ebfafabebeafafab	47	56	64	109	126	128	A1		##.#.#.#/####.#.#/####.#.#/.#####.#/.#####.#/.#.#####/.#.#####/##.#.###
162	A2	10100010	S3 S3 F4 S3	3ff9ffcffc7fe3ff	52	29	64	76	138	256	A2		########/##...###/#######./..######/####..##/########/#..#####/######..
163	A3	10100011	S3 S3 F4 C3	ff87fc3fe3fe1ff0	45	29	64	79	58	256	A3		....####/#####.../.#######/##...###/######../..######/###....#/########
164	A4	10100100	S3 S3 F8 F4	fffffbfffeffffbf	61	60	64	123	126	128	A4		######.#/########/########/.#######/########/##.#####/########/########
165	A5	10100101	S3 S3 F8 F8	ffabfffaafffeabf	53	56	64	115	126	128	A5		######.#/.#.#.###/########/####.#.#/.#.#####/########/##.#.#.#/########
166	A6	10100110	S3 S3 F8 S3	eee77773bb9dddce	45	29	64	93	106	256	A6		.###..##/#.###.##/#.###..#/##.###.#/##..###./###.###./###..###/.###.###
167	A7	10100111	S3 S3 F8 C3	f77ffbbffdffeeff	57	29	64	83	74	256	A7		########/.###.###/########/#.######/######.#/##.#####/#######./###.####
168	A8	10101000	S3 S3 S3 F4	ffcffe7ff3ff1ff8	52	28	64	76	135	256	A8		...#####/#####.../########/##..####/#######./.#######/####..##/########
169	A9	10101001	S3 S3 S3 F8	773bbb9dddeeee77	46	24	64	94	103	256	A9		###.###./.###.###/.###.###/#.###.##/#.###..#/##.###.#/##.###../###.###.
170	AA	10101010	S3 S3 S3 S3	ffffffffffffffff	64	61	64	64	64	64	AA	left-right,top-bottom,half-turn,quarter-turn,main-diagonal,anti-diagonal	########/########/########/########/########/########/########/########
171	AB	10101011	S3 S3 S3 C3	dddddddddddddddd	48	61	64	48	63	64	AB	top-bottom	#.###.##/#.###.##/#.###.##/#.###.##/#.###.##/#.###.##/#.###.##/#.###.##
172	AC	10101100	S3 S3 C3 F4	1fc8fe47f07f03f8	37	28	64	95	135	256	AC		...#####/##....../#######./....####/###...#./.#######/...#..##/#####...
173	AD	10101101	S3 S3 C3 F8	66233311998ccc46	27	24	64	89	103	256	AD		.##...#./..##..##/..##...#/#..##..#/#...#.../##..##../##...#../.##..##.
174	AE	10101110	S3 S3 C3 S3	bbbbbbbbbbbbbbbb	48	61	64	48	64	64	AE	top-bottom	##.###.#/##.###.#/##.###.#/##.###.#/##.###.#/##.###.#/##.###.#/##.###.#
175	AF	10101111	S3 S3 C3 C3	9999999999999999	32	61	64	32	62	64	AF	left-right,top-bottom,half-turn	#..##..#/#..##..#/#..##..#/#..##..#/#..##..#/#..##..#/#..##..#/#..##..#
176	B0	10110000	S3 C3 F4 F4	1514145051414505	19	60	64	81	125	128	B0		#.#...../#.#...#./#.....#./#...#.#./....#.#./..#.#.../..#.#.../#.#.#...
177	B1	10110001	S3 C3 F4 F8	4150501414050501	15	56	64	77	125	128	B1		#......./#.#...../#.#...../..#.#.../..#.#.../....#.#./....#.#./#.....#.
178	B2	10110010	S3 C3 F4 S3	23f91fc8fc0fe07f	37	29	64	95	138	256	B2		#######./.....###/####..../..######/...#..##/#####.../#..#####/##...#..
179	B3	10110011	S3 C3 F4 C3	e3871c38e38e1c70	30	29	64	98	58	256	B3		....###./..###.../.###...#/##...###/...###../..###.../###....#/##...###
180	B4	10110100	S3 C3 F8 F4	5555515554555515	29	60	64	91	125	128	B4		#.#.#.../#.#.#.#./#.#.#.#./..#.#.#./#.#.#.#./#...#.#./#.#.#.#./#.#.#.#.
181	B5	10110101	S3 C3 F8 F8	5501555005554015	21	56	64	83	125	128	B5		#.#.#.../......#./#.#.#.#./#.#...../....#.#./#.#.#.#./#......./#.#.#.#.
182	B6	10110110	S3 C3 F8 S3	ccc4666233119988	26	29	64	90	106	256	B6		...#...#/#..##..#/#...#.../##..##../.#...##./.##..##./..#...##/..##..##
183	B7	10110111	S3 C3 F8 C3	d55ceaae7573aab9	38	29	64	90	74	256	B7		#..###.#/.#.#.#.#/##..###./#.#.###./.###.#.#/.#.#.###/..###.#./#.#.#.##
184	B8	10111000	S3 C3 S3 F4	e3cf1e78f38f1c78	37	28	64	95	135	256	B8		...####./..###.../####...#/##..####/...####./.####.../####..##/##...###
185	B9	10111001	S3 C3 S3 F8	5518aa8c5562aa31	27	24	64	101	103	256	B9		#...##../.#.#.#.#/.#...##./#.#.#.#./..##...#/.#.#.#.#/...##.../#.#.#.#.
186	BA	10111010	S3 C3 S3 S3	7777777777777777	48	61	64	48	64	64	BA	top-bottom	###.###./###.###./###.###./###.###./###.###./###.###./###.###./###.###.
187	BB	10111011	S3 C3 S3 C3	5555555555555555	32	61	64	32	63	64	BB	top-bottom	#.#.#.#./#.#.#.#./#.#.#.#./#.#.#.#./#.#.#.#./#.#.#.#./#.#.#.#./#.#.#.#.
188	BC	10111100	S3 C3 C3 F4	03c81e40f00f0078	22	28	64	80	135	256	BC		...####./......../####..../....####/......#./.####.../...#..##/##......
189	BD	10111101	S3 C3 C3 F8	4400220011008800	8	24	64	70	103	256	BD		......../...#...#/......../#...#.../......../.#...#../......../..#...#.
190	BE	10111110	S3 C3 C3 S3	3333333333333333	32	61	64	32	64	64	BE	top-bottom	##..##../##..##../##..##../##..##../##..##../##..##../##..##../##..##..
191	BF	10111111	S3 C3 C3 C3	1111111111111111	16	61	64	16	61	64	BF	top-bottom	#...#.../#...#.../#...#.../#...#.../#...#.../#...#.../#...#.../#...#...
192	C0	11000000	C3 F4 F4 F4	4040808100102020	8	28	45	118	49	256	C0		.....#../.....#../....#.../......../#......#/.......#/......#./......#.
193	C1	11000001	C3 F4 F4 F8	d9f9db3f3b76c74e	42	24	64	110	241	256	C1		.###..#./###...##/.##.###./##.###../######../##.##.##/#..#####/#..##.##
194	C2	11000010	C3 F4 F4 S3	80a2828a0a2828a0	17	61	64	81	128	128	C2		.....#.#/...#.#../...#.#../.#.#..../.#.#...#/.#.....#/.#...#.#/.......#
195	C3	11000011	C3 F4 F4 C3	0a082820a082820a	14	61	64	78	72	128	C3		.#.#..../.#.....#/.#.....#/.....#.#/.....#../...#.#../...#..../.#.#....
196	C4	11000100	C3 F4 F8 F4	52e56a5cad5a97ab	35	28	55	99	241	256	C4		##.#.#.#/###.#..#/.#.##.#./#.##.#.#/..###.#./.#.#.##./#.#..###/.#..#.#.
197	C5	11000101	C3 F4 F8 F8	2b7bca56f795bded	41	24	60	103	209	256	C5		#.##.###/#.####.#/#.#.#..#/###.####/.##.#.#./.#.#..##/##.####./##.#.#..
198	C6	11000110	C3 F4 F8 S3	080a0a028280a0a0	13	61	64	77	128	128	C6		.....#.#/.....#.#/.......#/.#.....#/.#....../.#.#..../.#.#..../...#....
199	C7	11000111	C3 F4 F8 C3	82a0a0a8282a0a0a	18	61	64	82	112	128	C7		.#.#..../.#.#..../.#.#.#../...#.#../...#.#.#/.....#.#/.....#.#/.#.....#
200	C8	11001000	C3 F4 S3 F4	4b496d25b496d25b	32	60	64	94	127	128	C8		##.##.#./.#..#.##/.##.#..#/..#.##.#/#.#..#../#.##.##./#..#..#./##.#..#.
201	C9	11001001	C3 F4 S3 F8	d6f5b5fd6d7f5b5f	46	56	64	80	127	128	C9		#####.#./##.##.#./#######./#.##.##./#.######/#.#.##.#/#.#.####/.##.#.##
202	CA	11001010	C3 F4 S3 S3	e47f23f91f81fc0f	37	29	64	95	137	256	CA		####..../..######/#......#/#####.../#..#####/##...#../#######./..#..###
203	CB	11001011	C3 F4 S3 C3	e40f207907803c01	23	29	64	81	137	256	CB		#......./..####../.......#/###...../#..####./.....#../####..../..#..###
204	CC	11001100	C3 F4 C3 F4	e1e3c78f1e3c78f1	36	60	64	90	73	128	CC		#...####/...####./..####../.####.../####...#/###...##/##...###/#....###
205	CD	11001101	C3 F4 C3 F8	7c5f1f57c7d5f1f5	42	56	64	84	113	128	CD		#.#.####/#...####/#.#.#.##/###...##/###.#.#./#####.../#####.#./..#####.
206	CE	11001110	C3 F4 C3 S3	1c70e3871871c38e	29	29	64	97	59	256	CE		.###...#/##....##/#...###./...##.../###....#/##...###/....###./..###...
207	CF	11001111	C3 F4 C3 C3	1c00e00700700380	15	29	64	49	57	256	CF		.......#/##....../....###./......../###...../.....###/......../..###...
208	D0	11010000	C3 F8 F4 F4	2a16a542d5a958b5	29	28	64	99	161	256	D0		#.#.##.#/...##.#./#..#.#.#/#.#.#.##/.#....#./#.#..#.#/.##.#.../.#.#.#..
209	D1	11010001	C3 F8 F4 F8	52a11ca542295886	24	24	59	118	209	256	D1		.##....#/...##.#./#..#.#../.#....#./#.#..#.#/..###.../#....#.#/.#..#.#.
210	D2	11010010	C3 F8 F4 S3	88aaaa2aaa8aaaa2	27	61	64	91	128	128	D2		.#...#.#/.#.#.#.#/.#.#...#/.#.#.#.#/.#.#.#../.#.#.#.#/.#.#.#.#/...#...#
211	D3	11010011	C3 F8 F4 C3	0200008000200008	4	61	64	68	56	128	D3		...#..../......../.....#../......../.......#/......../......../.#......
212	D4	11010100	C3 F8 F8 F4	0873ce10e78c31ef	31	28	59	95	209	256	D4		####.###/#...##../..##...#/###..###/....#.../.###..##/##..###./...#....
213	D5	11010101	C3 F8 F8 F8	1d8f2bc3b1e47956	34	24	64	110	225	256	D5		.##.#.#./#..####./..#..###/#...##.#/##....##/##.#.#../####...#/#.###...
214	D6	11010110	C3 F8 F8 S3	8a802aaa00aaa802	19	61	64	83	128	128	D6		.#....../...#.#.#/.#.#.#.#/......../.#.#.#.#/.#.#.#../.......#/.#.#...#
215	D7	11010111	C3 F8 F8 C3	002a8000aa0002a8	12	61	64	76	80	128	D7		...#.#.#/.#....../......../.#.#.#.#/......../.......#/.#.#.#../........
216	D8	11011000	C3 F8 S3 F4	4250149405250149	18	60	64	108	127	128	D8		#..#..#./#......./#.#..#../#.#...../..#.#..#/..#.#.../....#.#./.#....#.
217	D9	11011001	C3 F8 S3 F8	007fd005ff4017fd	32	56	64	94	127	128	D9		#.######/###.#.../......#./########/#.#...../....#.##/#######./........
218	DA	11011010	C3 F8 S3 S3	19988ccc46623331	26	29	64	90	105	256	DA		#...##../##..##../.#...##./.##...#./..##..##/..##...#/...##..#/#..##...
219	DB	11011011	C3 F8 S3 C3	0110008804400220	8	29	64	72	105	256	DB		.....#../.#....../......#./..#...../...#...#/......../....#.../#.......
220	DC	11011100	C3 F8 C3 F4	e8fabe3eaf8fabe3	42	60	64	84	111	128	DC		##...###/##.#.#.#/####...#/####.#.#/.#####../.#####.#/.#.#####/...#.###
221	DD	11011101	C3 F8 C3 F8	aad57aaf55eabd57	40	56	64	86	81	128	DD		###.#.#./#.####.#/.#.#.###/#.#.#.#./####.#.#/.#.####./#.#.#.##/.#.#.#.#
222	DE	11011110	C3 F8 C3 S3	3aab9d55caae7557	37	29	64	89	75	256	DE		###.#.#./#.#.###./.###.#.#/.#.#..##/#.#.#.#./#.###..#/##.#.#.#/.#.###..
223	DF	11011111	C3 F8 C3 C3	22231111888c4446	19	29	64	45	73	256	DF		.##...#./..#...#./..##...#/...#...#/#...#.../#...#.../##...#../.#...#..
224	E0	11100000	C3 S3 F4 F4	eaebebafaebebafa	45	60	64	109	126	128	E0		.#.#####/.#.###.#/.#####.#/.###.#.#/####.#.#/##.#.###/##.#.###/.#.#.###
225	E1	11100001	C3 S3 F4 F8	beafafebebfafafe	49	56	64	113	126	128	E1		.#######/.#.#####/.#.#####/##.#.###/##.#.###/####.#.#/####.#.#/.#####.#
226	E2	11100010	C3 S3 F4 S3	3c79e3cf1c71e38f	37	29	64	95	138	256	E2		####...#/##...###/#...###./..###.../####..##/##...###/#..####./..####..
227	E3	11100011	C3 S3 F4 C3	fc07e03f03f01f80	30	29	64	64	58	256	E3		.......#/#####.../....####/##....../######../.....###/###...../..######
228	E4	11100100	C3 S3 F8 F4	aaaaaeaaabaaaaea	35	60	64	99	126	128	E4		.#.#.###/.#.#.#.#/.#.#.#.#/##.#.#.#/.#.#.#.#/.###.#.#/.#.#.#.#/.#.#.#.#
229	E5	11100101	C3 S3 F8 F8	aafeaaaffaaabfea	43	56	64	107	126	128	E5		.#.#.###/######.#/.#.#.#.#/.#.#####/####.#.#/.#.#.#.#/.#######/.#.#.#.#
230	E6	11100110	C3 S3 F8 S3	2aa315518a8c5546	26	29	64	100	106	256	E6		.##...#./#.#.#.#./..##...#/.#.#...#/#...#.#./#.#.#.../##...#.#/.#.#.#..
231	E7	11100111	C3 S3 F8 C3	333b999dccee6677	38	29	64	64	74	256	E7		###.###./.##..##./.###.###/..##..##/#.###..#/#..##..#/##.###../##..##..
232	E8	11101000	C3 S3 S3 F4	fc3fe1ff0ff0ff87	44	28	64	78	59	256	E8		###....#/########/....####/####..../########/#....###/######../..######
233	E9	11101001	C3 S3 S3 F8	bbffddffeeff77ff	56	24	64	82	75	256	E9		########/###.###./########/.###.###/########/#.###.##/########/##.###.#
234	EA	11101010	C3 S3 S3 S3	eeeeeeeeeeeeeeee	48	61	64	48	64	64	EA	top-bottom	.###.###/.###.###/.###.###/.###.###/.###.###/.###.###/.###.###/.###.###
235	EB	11101011	C3 S3 S3 C3	cccccccccccccccc	32	61	64	32	63	64	EB	top-bottom	..##..##/..##..##/..##..##/..##..##/..##..##/..##..##/..##..##/..##..##
236	EC	11101100	C3 S3 C3 F4	1c38e1c70c70e387	29	28	64	97	59	256	EC		###....#/##...###/....###./..##..../###...##/#....###/...###../..###...
237	ED	11101101	C3 S3 C3 F8	aae75573aa9d55ce	37	24	64	89	75	256	ED		.###..##/#.#.#.#./#.###..#/.#.#.#.#/##..###./#.#.#.#./###..###/.#.#.#.#
238	EE	11101110	C3 S3 C3 S3	aaaaaaaaaaaaaaaa	32	61	64	32	64	64	EE	top-bottom	.#.#.#.#/.#.#.#.#/.#.#.#.#/.#.#.#.#/.#.#.#.#/.#.#.#.#/.#.#.#.#/.#.#.#.#
239	EF	11101111	C3 S3 C3 C3	8888888888888888	16	61	64	16	62	64	EF	top-bottom	...#...#/...#...#/...#...#/...#...#/...#...#/...#...#/...#...#/...#...#
240	F0	11110000	C3 C3 F4 F4	4041410504141050	13	60	64	77	73	128	F0		....#.#./....#.../..#.#.../..#...../#.#...../#.....#./#.....#./......#.
241	F1	11110001	C3 C3 F4 F8	1405054141505054	17	56	64	81	113	128	F1		..#.#.#./....#.#./....#.#./#.....#./#.....#./#.#...../#.#...../..#.#...
242	F2	11110010	C3 C3 F4 S3	207903c81c01e00f	22	29	64	80	138	256	F2		####..../.....###/#......./..###.../...#..##/##....../#..####./.....#..
243	F3	11110011	C3 C3 F4 C3	e007003803801c00	15	29	64	49	58	256	F3		......../..###.../.......#/##....../...###../......../###...../.....###
244	F4	11110100	C3 C3 F8 F4	0000040001000040	3	60	64	67	57	128	F4		......#./......../......../#......./......../..#...../......../........
245	F5	11110101	C3 C3 F8 F8	0054000550001540	11	56	64	75	81	128	F5		......#./#.#.#.../......../....#.#./#.#...../......../..#.#.#./........
246	F6	11110110	C3 C3 F8 S3	0880044002001100	7	29	64	71	106	256	F6		......../#...#.../......../.#....../......#./..#...../.......#/...#....
247	F7	11110111	C3 C3 F8 C3	1118888c44622231	19	29	64	45	74	256	F7		#...##../.#...#../.#...##./..#...#./..##...#/...#...#/...##.../#...#...
248	F8	11111000	C3 C3 S3 F4	e03f01f80f80fc07	29	28	64	63	59	256	F8		###...../..######/.......#/####..../...#####/#......./######../.....###
249	F9	11111001	C3 C3 S3 F8	99dcccee667333b9	37	24	64	63	75	256	F9		#..###.#/##..##../##..###./.##..##./.###.###/..##..##/..###.##/#..##..#
250	FA	11111010	C3 C3 S3 S3	6666666666666666	32	61	64	32	64	64	FA	left-right,top-bottom,half-turn	.##..##./.##..##./.##..##./.##..##./.##..##./.##..##./.##..##./.##..##.
251	FB	11111011	C3 C3 S3 C3	4444444444444444	16	61	64	16	63	64	FB	top-bottom	..#...#./..#...#./..#...#./..#...#./..#...#./..#...#./..#...#./..#...#.
252	FC	11111100	C3 C3 C3 F4	003801c00c00e007	14	28	64	48	59	256	FC		###...../.....###/......../..##..../......##/#......./...###../........
253	FD	11111101	C3 C3 C3 F8	88c4446222111188	18	24	64	44	75	256	FD		...#...#/#...#.../#...#.../.#...#../.#...##./..#...#./..#...##/...#...#
254	FE	11111110	C3 C3 C3 S3	2222222222222222	16	61	64	16	64	64	FE	top-bottom	.#...#../.#...#../.#...#../.#...#../.#...#../.#...#../.#...#../.#...#..
255	FF	11111111	C3 C3 C3 C3	0000000000000000	0	61	64	0	0	64	FF	left-right,top-bottom,half-turn,quarter-turn,main-diagonal,anti-diagonal	......../......../......../......../......../......../......../........
